{
    "train_loss": [
        2.5751526816982193,
        2.4112218313617353,
        2.31900716010136,
        2.0106833452576844,
        1.554954879116734,
        1.3128120690476304,
        1.1761473340408974,
        1.0977799367418812,
        1.068947672044836,
        1.0524655296841197,
        1.0136506928565243,
        0.9108411268983998,
        0.8426220516270552,
        0.7963790403068952,
        0.7578238155011087,
        0.736403113604391,
        0.7176116359571075,
        0.7070374634985407,
        0.6975998579536818,
        0.6880822481842491,
        0.6794805172893249,
        0.6689699504742723,
        0.6692984271247675,
        0.6626018275522901,
        0.661959968762002
    ],
    "train_f1": [
        0.08571366061649804,
        0.11529898762096973,
        0.15893523168438511,
        0.30040520178506136,
        0.5163985865898569,
        0.6519193102130943,
        0.7369089480968168,
        0.7860513913490987,
        0.805961334338934,
        0.8150472928182955,
        0.8372715705492478,
        0.8814855564198882,
        0.911248808158552,
        0.9354961208158757,
        0.9518348133182482,
        0.9561937117605898,
        0.9625858531680132,
        0.9682606542925165,
        0.9724931600075603,
        0.9728055205252599,
        0.9776215713603704,
        0.979672825967278,
        0.9791928538687398,
        0.9803786482650889,
        0.9803219964257842
    ],
    "val_loss": [
        2.4441144408249276,
        2.336619463467911,
        2.253985297612804,
        1.664590506124228,
        1.3512340066133253,
        1.1973676518248797,
        1.1213710605539031,
        1.0841581353998095,
        1.0652129703793696,
        1.0628166652754591,
        0.9648311489294886,
        0.9035501164745882,
        0.8721402573764436,
        0.8442092961710345,
        0.8353445052429614,
        0.8235459047007964,
        0.8226014959431948,
        0.8075108767450415,
        0.8124689801996242,
        0.8061032516647683,
        0.7979265739949067,
        0.7908453259190744,
        0.7860425068781927,
        0.7882420091870578,
        0.7830377738873909
    ],
    "val_f1": [
        0.08206070170284253,
        0.1594704239743102,
        0.204860730959648,
        0.4428511603964052,
        0.614372129983579,
        0.718361320452307,
        0.77183222092574,
        0.7797213244118467,
        0.7908279038512634,
        0.7904795070874706,
        0.8474012440330639,
        0.8871312771129366,
        0.9060394876670379,
        0.9130703185931354,
        0.9092540436802299,
        0.9170121179284982,
        0.9145733880343502,
        0.9171623594779196,
        0.9173027603630114,
        0.9200240358819648,
        0.9247750885963896,
        0.921468885617059,
        0.9312521737072521,
        0.9296912092402476,
        0.9235624594847829
    ],
    "val_top5_acc": [
        0.6857410881801126,
        0.7570356472795498,
        0.8095684803001876,
        0.9127579737335835,
        0.9577861163227017,
        0.975609756097561,
        0.9812382739212008,
        0.9812382739212008,
        0.9812382739212008,
        0.9821763602251408,
        0.9859287054409006,
        0.9887429643527205,
        0.9887429643527205,
        0.9924953095684803,
        0.9896810506566605,
        0.9924953095684803,
        0.9868667917448405,
        0.9878048780487805,
        0.9915572232645403,
        0.9896810506566605,
        0.9915572232645403,
        0.9915572232645403,
        0.9887429643527205,
        0.9887429643527205,
        0.9878048780487805
    ],
    "learning_rates": [
        0.0001,
        9.757729755661011e-05,
        9.05463412215599e-05,
        7.959536998847742e-05,
        6.57963412215599e-05,
        5.05e-05,
        3.5203658778440106e-05,
        2.1404630011522586e-05,
        1.0453658778440109e-05,
        3.4227024433899e-06,
        0.0001,
        9.939057285945933e-05,
        9.757729755661011e-05,
        9.460482294732421e-05,
        9.05463412215599e-05,
        8.55017856687341e-05,
        7.959536998847742e-05,
        7.297252973710757e-05,
        6.57963412215599e-05,
        5.8243506019491436e-05,
        5.05e-05,
        4.2756493980508586e-05,
        3.5203658778440106e-05,
        2.8027470262892437e-05,
        2.1404630011522586e-05
    ],
    "epoch": [
        1,
        2,
        3,
        4,
        5,
        6,
        7,
        8,
        9,
        10,
        11,
        12,
        13,
        14,
        15,
        16,
        17,
        18,
        19,
        20,
        21,
        22,
        23,
        24,
        25
    ]
}