{
    "train_loss": [
        2.781540748508575,
        2.473533315287883,
        2.2856791870332858,
        2.135516694914747,
        2.004545996972613,
        1.8920958092692883,
        1.6634445666424378,
        1.457745057533992,
        1.3145535645131088,
        1.147886542465156
    ],
    "train_f1": [
        0.03383846330125822,
        0.10731221713778516,
        0.1873423977458187,
        0.2944726022549096,
        0.3556553340505945,
        0.36191780192839024,
        0.4965497490741371,
        0.5632683538175454,
        0.666031939503039,
        0.7472325161801996
    ],
    "val_loss": [
        2.7066051959991455,
        2.541568976861459,
        2.435889341213085,
        2.3849083935772932,
        2.337477563339987,
        2.3096876173843572,
        2.302193208977028,
        2.2798231222011425,
        2.275115501733474,
        2.2688491388603493
    ],
    "val_f1": [
        0.030797101449275364,
        0.09908854098237167,
        0.13415892672858618,
        0.16881993439086865,
        0.1904259139553257,
        0.16915065538537952,
        0.2170528817587641,
        0.22320280338856188,
        0.225462281510109,
        0.2151417688003054
    ],
    "val_top5_acc": [
        0.6049382716049383,
        0.6049382716049383,
        0.654320987654321,
        0.6419753086419753,
        0.6172839506172839,
        0.6666666666666666,
        0.6790123456790124,
        0.654320987654321,
        0.7037037037037037,
        0.6790123456790124
    ],
    "learning_rates": [
        0.001,
        0.001,
        0.001,
        0.001,
        0.001,
        0.0001,
        0.0001,
        0.0001,
        0.0001,
        0.0001
    ],
    "epoch": [
        1,
        2,
        3,
        4,
        5,
        6,
        7,
        8,
        9,
        10
    ]
}